<?xml version="1.0" encoding="UTF-8"?>
<!DOCTYPE biblioteca [
<!ELEMENT biblioteca (libro+)>
<!ELEMENT libro (titulo, editorial, autor, num_paginas)>
<!ELEMENT titulo (#PCDATA)>
<!ELEMENT editorial (#PCDATA)>
<!ELEMENT autor (nombre, apellidos)>
<!ELEMENT nombre (#PCDATA)>
<!ELEMENT apellidos (#PCDATA)>
<!ELEMENT num_paginas (#PCDATA)>
]>
<biblioteca>
  <libro>
    <titulo>After</titulo>
    <editorial>Alfaguara</editorial>
    <autor>
      <nombre>Anna</nombre>
      <apellidos>Todd</apellidos>
    </autor>
    <num_paginas>592</num_paginas>
  </libro>
  <libro>
    <titulo>Orange - Tomo 1</titulo>
    <editorial>Ivrea</editorial>
    <autor>
      <nombre>Ichigo</nombre>
      <apellidos>Takano</apellidos>
    </autor>
    <num_paginas>224</num_paginas>
  </libro>
  <libro>
    <titulo>Juego de Tronos (Canción de Hielo y Fuego 1)</titulo>
    <editorial>Gigamesh</editorial>
    <autor>
      <nombre>George R.R.</nombre>
      <apellidos>Martin</apellidos>
    </autor>
    <num_paginas>800</num_paginas>
  </libro>
</biblioteca>