<?xml version="1.0" encoding="UTF-8"?>
<!DOCTYPE liga SYSTEM "JugadoresBaloncestoEj2.dtd">
<liga>
  <jugador>
    <nombre>Luka</nombre>
    <apellidos>Doncic</apellidos>
    <equipo>
      <ciudad>Madrid</ciudad>
      <presidente>
        <nombrePresidente>Florentino</nombrePresidente>
        <apellidosPresidente>Pérez</apellidosPresidente>
      </presidente>
    </equipo>
    <edad>24</edad>
  </jugador>
  <jugador>
    <nombre>Kostas</nombre>
    <apellidos>Sloukas</apellidos>
    <equipo>
      <ciudad>Atenas</ciudad>
      <presidente>
        <nombrePresidente>Dimitris</nombrePresidente>
        <apellidosPresidente>Giannakopoulos</apellidosPresidente>
      </presidente>
    </equipo>
    <edad>33</edad>
  </jugador>
  <jugador>
    <nombre>Kevin</nombre>
    <apellidos>Durant</apellidos>
    <equipo>
      <ciudad>Nueva York</ciudad>
      <presidente>
        <nombrePresidente>Joe</nombrePresidente>
        <apellidosPresidente>Tsai</apellidosPresidente>
      </presidente>
    </equipo>
    <edad>34</edad>
  </jugador>
</liga>